case	config	seed	claims	T_share	F_share	R_share	H_share
hanoi	Qwen3-14B_thinking	1	43	74.42	13.95	11.63	0.00
hanoi	Qwen3-14B_thinking	2	48	66.67	16.67	16.67	0.00
hanoi	Qwen3-14B_thinking	3	49	95.92	0.00	4.08	0.00
hanoi	Qwen3-14B_thinking	4	45	82.22	4.44	13.33	0.00
hanoi	Qwen3-14B_thinking	5	48	75.00	16.67	8.33	0.00
hanoi	Qwen3-14B_thinking	6	39	76.92	15.38	7.69	0.00
hanoi	Qwen3-14B_thinking	7	42	76.19	7.14	16.67	0.00
hanoi	Qwen3-14B_thinking	8	44	75.00	6.82	18.18	0.00
hanoi	Qwen3-14B_thinking	9	47	82.98	14.89	2.13	0.00
hanoi	Qwen3-14B_thinking	10	41	85.37	2.44	12.20	0.00
chicago	Qwen3-14B_thinking	1	34	52.94	20.59	26.47	0.00
chicago	Qwen3-14B_thinking	2	38	68.42	10.53	18.42	2.63
chicago	Qwen3-14B_thinking	3	34	64.71	14.71	17.65	2.94
chicago	Qwen3-14B_thinking	4	39	79.49	2.56	17.95	0.00
chicago	Qwen3-14B_thinking	5	39	76.92	10.26	12.82	0.00
chicago	Qwen3-14B_thinking	6	33	51.52	18.18	30.30	0.00
chicago	Qwen3-14B_thinking	7	35	65.71	14.29	17.14	2.86
chicago	Qwen3-14B_thinking	8	37	48.65	16.22	35.14	0.00
chicago	Qwen3-14B_thinking	9	34	70.59	14.71	14.71	0.00
chicago	Qwen3-14B_thinking	10	36	66.67	16.67	16.67	0.00
paris	Qwen3-14B_thinking	1	66	83.33	1.52	13.64	1.52
paris	Qwen3-14B_thinking	2	59	77.97	10.17	10.17	1.69
paris	Qwen3-14B_thinking	3	70	80.00	5.71	12.86	1.43
paris	Qwen3-14B_thinking	4	71	81.69	8.45	9.86	0.00
paris	Qwen3-14B_thinking	5	69	78.26	5.80	14.49	1.45
paris	Qwen3-14B_thinking	6	45	66.67	6.67	22.22	4.44
paris	Qwen3-14B_thinking	7	49	67.35	12.24	18.37	2.04
paris	Qwen3-14B_thinking	8	61	83.61	1.64	13.11	1.64
paris	Qwen3-14B_thinking	9	49	77.55	4.08	14.29	4.08
paris	Qwen3-14B_thinking	10	61	77.05	9.84	9.84	3.28
paris	Gemma-4-12B-it_no-think	1	47	95.74	4.26	0.00	0.00
paris	Gemma-4-12B-it_no-think	2	41	87.80	0.00	12.20	0.00
paris	Gemma-4-12B-it_no-think	3	45	88.89	6.67	4.44	0.00
paris	Gemma-4-12B-it_no-think	4	45	97.78	0.00	2.22	0.00
paris	Gemma-4-12B-it_no-think	5	42	95.24	2.38	2.38	0.00
paris	Gemma-4-12B-it_no-think	6	52	92.31	3.85	3.85	0.00
paris	Gemma-4-12B-it_no-think	7	42	90.48	7.14	2.38	0.00
paris	Gemma-4-12B-it_no-think	8	59	93.22	5.08	1.69	0.00
paris	Gemma-4-12B-it_no-think	9	45	93.33	2.22	4.44	0.00
paris	Gemma-4-12B-it_no-think	10	44	93.18	2.27	4.55	0.00
hanoi	Gemma-4-12B-it_no-think	1	41	78.05	14.63	7.32	0.00
hanoi	Gemma-4-12B-it_no-think	2	35	77.14	17.14	5.71	0.00
hanoi	Gemma-4-12B-it_no-think	3	38	76.32	7.89	15.79	0.00
hanoi	Gemma-4-12B-it_no-think	4	34	67.65	23.53	8.82	0.00
hanoi	Gemma-4-12B-it_no-think	5	39	82.05	10.26	7.69	0.00
hanoi	Gemma-4-12B-it_no-think	6	39	66.67	30.77	2.56	0.00
hanoi	Gemma-4-12B-it_no-think	7	39	82.05	15.38	2.56	0.00
hanoi	Gemma-4-12B-it_no-think	8	37	86.49	10.81	2.70	0.00
hanoi	Gemma-4-12B-it_no-think	9	34	67.65	23.53	5.88	2.94
hanoi	Gemma-4-12B-it_no-think	10	36	80.56	16.67	2.78	0.00
chicago	Gemma-4-12B-it_no-think	1	35	94.29	0.00	5.71	0.00
chicago	Gemma-4-12B-it_no-think	2	30	93.33	0.00	6.67	0.00
chicago	Gemma-4-12B-it_no-think	3	35	88.57	0.00	11.43	0.00
chicago	Gemma-4-12B-it_no-think	4	35	88.57	0.00	11.43	0.00
chicago	Gemma-4-12B-it_no-think	5	33	84.85	0.00	15.15	0.00
chicago	Gemma-4-12B-it_no-think	6	38	86.84	0.00	13.16	0.00
chicago	Gemma-4-12B-it_no-think	7	35	85.71	8.57	5.71	0.00
chicago	Gemma-4-12B-it_no-think	8	36	86.11	0.00	13.89	0.00
chicago	Gemma-4-12B-it_no-think	9	33	78.79	3.03	18.18	0.00
chicago	Gemma-4-12B-it_no-think	10	34	79.41	2.94	17.65	0.00
paris	Llama-3.2-1B-Instruct	2	81	24.69	24.69	33.33	17.28
paris	Llama-3.2-1B-Instruct	3	91	2.20	4.40	18.68	74.73
paris	Llama-3.2-1B-Instruct	4	100	27.00	34.00	18.00	21.00
paris	Llama-3.2-1B-Instruct	5	186	46.24	25.27	15.59	12.90
paris	Llama-3.2-1B-Instruct	6	139	48.20	31.65	13.67	6.47
paris	Llama-3.2-1B-Instruct	7	93	3.23	2.15	25.81	68.82
paris	Llama-3.2-1B-Instruct	8	102	20.59	27.45	27.45	24.51
paris	Llama-3.2-1B-Instruct	10	180	60.56	29.44	6.11	3.89
chicago	Llama-3.2-1B-Instruct	1	40	42.50	20.00	15.00	22.50
chicago	Llama-3.2-1B-Instruct	2	43	46.51	25.58	13.95	13.95
chicago	Llama-3.2-1B-Instruct	3	88	60.23	26.14	5.68	7.95
chicago	Llama-3.2-1B-Instruct	4	56	32.14	44.64	8.93	14.29
chicago	Llama-3.2-1B-Instruct	5	35	25.71	51.43	14.29	8.57
chicago	Llama-3.2-1B-Instruct	6	49	53.06	10.20	16.33	20.41
chicago	Llama-3.2-1B-Instruct	7	56	44.64	46.43	8.93	0.00
chicago	Llama-3.2-1B-Instruct	8	57	28.07	50.88	3.51	17.54
chicago	Llama-3.2-1B-Instruct	9	36	38.89	16.67	27.78	16.67
chicago	Llama-3.2-1B-Instruct	10	71	50.70	40.85	5.63	2.82
hanoi	Llama-3.2-1B-Instruct	1	38	39.47	50.00	10.53	0.00
hanoi	Llama-3.2-1B-Instruct	2	52	36.54	40.38	21.15	1.92
hanoi	Llama-3.2-1B-Instruct	3	61	34.43	37.70	27.87	0.00
hanoi	Llama-3.2-1B-Instruct	4	60	51.67	28.33	20.00	0.00
hanoi	Llama-3.2-1B-Instruct	5	57	42.11	28.07	24.56	5.26
hanoi	Llama-3.2-1B-Instruct	6	50	34.00	52.00	14.00	0.00
hanoi	Llama-3.2-1B-Instruct	7	55	34.55	60.00	3.64	1.82
hanoi	Llama-3.2-1B-Instruct	8	50	32.00	44.00	22.00	2.00
hanoi	Llama-3.2-1B-Instruct	9	63	44.44	41.27	6.35	7.94
hanoi	Llama-3.2-1B-Instruct	10	67	61.19	32.84	5.97	0.00
paris	Qwen3-14B_no-think	1	37	81.08	0.00	10.81	8.11
paris	Qwen3-14B_no-think	2	35	77.14	5.71	11.43	5.71
paris	Qwen3-14B_no-think	3	33	81.82	0.00	12.12	6.06
paris	Qwen3-14B_no-think	4	38	81.58	2.63	7.89	7.89
paris	Qwen3-14B_no-think	5	43	69.77	2.33	23.26	4.65
paris	Qwen3-14B_no-think	6	39	69.23	12.82	10.26	7.69
paris	Qwen3-14B_no-think	7	43	74.42	0.00	16.28	9.30
paris	Qwen3-14B_no-think	8	38	73.68	0.00	15.79	10.53
paris	Qwen3-14B_no-think	9	37	83.78	0.00	10.81	5.41
paris	Qwen3-14B_no-think	10	37	70.27	2.70	21.62	5.41
hanoi	Qwen3-14B_no-think	1	46	84.78	6.52	8.70	0.00
hanoi	Qwen3-14B_no-think	2	36	75.00	13.89	11.11	0.00
hanoi	Qwen3-14B_no-think	3	31	74.19	9.68	16.13	0.00
hanoi	Qwen3-14B_no-think	4	31	90.32	3.23	6.45	0.00
hanoi	Qwen3-14B_no-think	5	36	88.89	2.78	8.33	0.00
hanoi	Qwen3-14B_no-think	6	38	84.21	2.63	13.16	0.00
hanoi	Qwen3-14B_no-think	7	39	82.05	2.56	15.38	0.00
hanoi	Qwen3-14B_no-think	8	36	77.78	8.33	13.89	0.00
hanoi	Qwen3-14B_no-think	9	36	91.67	2.78	5.56	0.00
hanoi	Qwen3-14B_no-think	10	41	78.05	7.32	14.63	0.00
chicago	Qwen3-14B_no-think	1	27	62.96	11.11	25.93	0.00
chicago	Qwen3-14B_no-think	2	27	77.78	7.41	14.81	0.00
chicago	Qwen3-14B_no-think	3	35	62.86	14.29	22.86	0.00
chicago	Qwen3-14B_no-think	4	28	67.86	10.71	21.43	0.00
chicago	Qwen3-14B_no-think	5	26	65.38	11.54	23.08	0.00
chicago	Qwen3-14B_no-think	6	31	77.42	12.90	9.68	0.00
chicago	Qwen3-14B_no-think	7	30	66.67	13.33	20.00	0.00
chicago	Qwen3-14B_no-think	8	26	65.38	19.23	15.38	0.00
chicago	Qwen3-14B_no-think	9	27	66.67	14.81	18.52	0.00
chicago	Qwen3-14B_no-think	10	30	60.00	20.00	20.00	0.00
chicago	Gemma-3-4B-it	1	49	61.22	16.33	12.24	10.20
chicago	Gemma-3-4B-it	2	52	55.77	15.38	11.54	17.31
chicago	Gemma-3-4B-it	3	50	50.00	22.00	12.00	16.00
chicago	Gemma-3-4B-it	4	49	65.31	16.33	2.04	16.33
chicago	Gemma-3-4B-it	5	47	63.83	17.02	14.89	4.26
chicago	Gemma-3-4B-it	6	39	46.15	30.77	7.69	15.38
chicago	Gemma-3-4B-it	7	58	81.03	5.17	12.07	1.72
chicago	Gemma-3-4B-it	8	46	45.65	28.26	10.87	15.22
chicago	Gemma-3-4B-it	9	53	56.60	11.32	15.09	16.98
chicago	Gemma-3-4B-it	10	53	50.94	18.87	18.87	11.32
hanoi	Gemma-3-4B-it	1	43	62.79	30.23	6.98	0.00
hanoi	Gemma-3-4B-it	2	50	62.00	28.00	10.00	0.00
hanoi	Gemma-3-4B-it	3	48	64.58	29.17	6.25	0.00
hanoi	Gemma-3-4B-it	4	46	63.04	26.09	10.87	0.00
hanoi	Gemma-3-4B-it	5	52	61.54	26.92	11.54	0.00
hanoi	Gemma-3-4B-it	6	53	62.26	28.30	9.43	0.00
hanoi	Gemma-3-4B-it	7	44	59.09	27.27	13.64	0.00
hanoi	Gemma-3-4B-it	8	50	66.00	14.00	20.00	0.00
hanoi	Gemma-3-4B-it	9	48	62.50	31.25	6.25	0.00
hanoi	Gemma-3-4B-it	10	58	62.07	31.03	6.90	0.00
paris	Gemma-3-4B-it	1	67	49.25	17.91	22.39	10.45
paris	Gemma-3-4B-it	2	61	55.74	18.03	21.31	4.92
paris	Gemma-3-4B-it	3	62	50.00	11.29	30.65	8.06
paris	Gemma-3-4B-it	4	56	55.36	16.07	21.43	7.14
paris	Gemma-3-4B-it	5	64	42.19	18.75	34.38	4.69
paris	Gemma-3-4B-it	6	65	44.62	10.77	38.46	6.15
paris	Gemma-3-4B-it	7	62	56.45	12.90	24.19	6.45
paris	Gemma-3-4B-it	8	66	42.42	13.64	39.39	4.55
paris	Gemma-3-4B-it	9	59	54.24	13.56	30.51	1.69
paris	Gemma-3-4B-it	10	68	45.59	14.71	33.82	5.88
hanoi	Qwen3-4B_thinking	1	55	72.73	12.73	12.73	1.82
hanoi	Qwen3-4B_thinking	2	48	52.08	39.58	8.33	0.00
hanoi	Qwen3-4B_thinking	3	52	78.85	19.23	1.92	0.00
hanoi	Qwen3-4B_thinking	4	50	72.00	16.00	12.00	0.00
hanoi	Qwen3-4B_thinking	5	45	60.00	31.11	6.67	2.22
hanoi	Qwen3-4B_thinking	6	50	52.00	32.00	14.00	2.00
hanoi	Qwen3-4B_thinking	7	51	68.63	27.45	3.92	0.00
hanoi	Qwen3-4B_thinking	8	51	72.55	17.65	9.80	0.00
hanoi	Qwen3-4B_thinking	9	49	69.39	22.45	8.16	0.00
hanoi	Qwen3-4B_thinking	10	44	77.27	18.18	4.55	0.00
chicago	Qwen3-4B_thinking	1	44	81.82	9.09	9.09	0.00
chicago	Qwen3-4B_thinking	2	52	73.08	11.54	13.46	1.92
chicago	Qwen3-4B_thinking	3	46	65.22	15.22	17.39	2.17
chicago	Qwen3-4B_thinking	4	47	74.47	4.26	21.28	0.00
chicago	Qwen3-4B_thinking	5	46	71.74	15.22	13.04	0.00
chicago	Qwen3-4B_thinking	6	48	72.92	14.58	12.50	0.00
chicago	Qwen3-4B_thinking	7	47	78.72	10.64	10.64	0.00
chicago	Qwen3-4B_thinking	8	48	75.00	8.33	16.67	0.00
chicago	Qwen3-4B_thinking	9	48	81.25	6.25	12.50	0.00
chicago	Qwen3-4B_thinking	10	48	79.17	10.42	10.42	0.00
paris	Qwen3-4B_thinking	1	60	85.00	6.67	8.33	0.00
paris	Qwen3-4B_thinking	2	61	88.52	8.20	1.64	1.64
paris	Qwen3-4B_thinking	3	65	75.38	3.08	6.15	15.38
paris	Qwen3-4B_thinking	4	52	75.00	13.46	11.54	0.00
paris	Qwen3-4B_thinking	5	52	69.23	11.54	7.69	11.54
paris	Qwen3-4B_thinking	6	60	83.33	6.67	10.00	0.00
paris	Qwen3-4B_thinking	7	65	81.54	7.69	9.23	1.54
paris	Qwen3-4B_thinking	8	77	89.61	2.60	5.19	2.60
paris	Qwen3-4B_thinking	9	51	78.43	9.80	7.84	3.92
paris	Qwen3-4B_thinking	10	54	87.04	5.56	5.56	1.85
paris	Qwen3-8B_thinking	1	48	79.17	4.17	14.58	2.08
paris	Qwen3-8B_thinking	2	64	79.69	3.12	17.19	0.00
paris	Qwen3-8B_thinking	3	56	80.36	3.57	12.50	3.57
paris	Qwen3-8B_thinking	4	58	89.66	3.45	6.90	0.00
paris	Qwen3-8B_thinking	5	58	82.76	1.72	15.52	0.00
paris	Qwen3-8B_thinking	6	62	75.81	8.06	16.13	0.00
paris	Qwen3-8B_thinking	7	59	83.05	0.00	16.95	0.00
paris	Qwen3-8B_thinking	8	64	84.38	1.56	10.94	3.12
paris	Qwen3-8B_thinking	9	57	84.21	5.26	10.53	0.00
paris	Qwen3-8B_thinking	10	42	78.57	9.52	11.90	0.00
hanoi	Qwen3-8B_thinking	1	42	80.95	14.29	4.76	0.00
hanoi	Qwen3-8B_thinking	2	38	68.42	26.32	2.63	2.63
hanoi	Qwen3-8B_thinking	3	47	74.47	21.28	4.26	0.00
hanoi	Qwen3-8B_thinking	4	36	75.00	16.67	8.33	0.00
hanoi	Qwen3-8B_thinking	5	48	77.08	14.58	8.33	0.00
hanoi	Qwen3-8B_thinking	6	47	82.98	14.89	2.13	0.00
hanoi	Qwen3-8B_thinking	7	35	77.14	22.86	0.00	0.00
hanoi	Qwen3-8B_thinking	8	41	80.49	12.20	7.32	0.00
hanoi	Qwen3-8B_thinking	9	44	70.45	20.45	9.09	0.00
hanoi	Qwen3-8B_thinking	10	48	70.83	16.67	12.50	0.00
chicago	Qwen3-8B_thinking	1	50	70.00	8.00	22.00	0.00
chicago	Qwen3-8B_thinking	2	41	78.05	7.32	14.63	0.00
chicago	Qwen3-8B_thinking	3	35	74.29	5.71	20.00	0.00
chicago	Qwen3-8B_thinking	4	42	83.33	7.14	9.52	0.00
chicago	Qwen3-8B_thinking	5	49	69.39	8.16	22.45	0.00
chicago	Qwen3-8B_thinking	6	41	65.85	12.20	21.95	0.00
chicago	Qwen3-8B_thinking	7	39	64.10	10.26	25.64	0.00
chicago	Qwen3-8B_thinking	8	41	68.29	9.76	21.95	0.00
chicago	Qwen3-8B_thinking	9	37	75.68	2.70	21.62	0.00
chicago	Qwen3-8B_thinking	10	40	80.00	7.50	12.50	0.00
hanoi	Llama-3.2-3B-Instruct	1	39	48.72	38.46	12.82	0.00
hanoi	Llama-3.2-3B-Instruct	2	38	60.53	18.42	13.16	7.89
hanoi	Llama-3.2-3B-Instruct	3	46	34.78	41.30	17.39	6.52
hanoi	Llama-3.2-3B-Instruct	4	35	60.00	28.57	11.43	0.00
hanoi	Llama-3.2-3B-Instruct	5	38	68.42	23.68	7.89	0.00
hanoi	Llama-3.2-3B-Instruct	6	36	55.56	27.78	11.11	5.56
hanoi	Llama-3.2-3B-Instruct	7	44	54.55	22.73	22.73	0.00
hanoi	Llama-3.2-3B-Instruct	8	38	63.16	26.32	10.53	0.00
hanoi	Llama-3.2-3B-Instruct	9	40	55.00	30.00	12.50	2.50
hanoi	Llama-3.2-3B-Instruct	10	41	65.85	24.39	9.76	0.00
chicago	Llama-3.2-3B-Instruct	1	26	65.38	15.38	3.85	15.38
chicago	Llama-3.2-3B-Instruct	2	41	60.98	14.63	12.20	12.20
chicago	Llama-3.2-3B-Instruct	3	31	64.52	16.13	9.68	9.68
chicago	Llama-3.2-3B-Instruct	4	49	67.35	18.37	2.04	12.24
chicago	Llama-3.2-3B-Instruct	5	32	40.62	34.38	3.12	21.88
chicago	Llama-3.2-3B-Instruct	6	58	55.17	18.97	24.14	1.72
chicago	Llama-3.2-3B-Instruct	7	42	50.00	9.52	23.81	16.67
chicago	Llama-3.2-3B-Instruct	8	39	61.54	5.13	17.95	15.38
chicago	Llama-3.2-3B-Instruct	9	29	34.48	34.48	10.34	20.69
chicago	Llama-3.2-3B-Instruct	10	31	64.52	16.13	19.35	0.00
paris	Llama-3.2-3B-Instruct	1	67	71.64	11.94	16.42	0.00
paris	Llama-3.2-3B-Instruct	2	67	65.67	13.43	19.40	1.49
paris	Llama-3.2-3B-Instruct	3	58	51.72	32.76	8.62	6.90
paris	Llama-3.2-3B-Instruct	4	52	63.46	5.77	25.00	5.77
paris	Llama-3.2-3B-Instruct	5	67	46.27	23.88	19.40	10.45
paris	Llama-3.2-3B-Instruct	6	56	73.21	10.71	12.50	3.57
paris	Llama-3.2-3B-Instruct	7	48	70.83	10.42	10.42	8.33
paris	Llama-3.2-3B-Instruct	8	61	72.13	4.92	21.31	1.64
paris	Llama-3.2-3B-Instruct	9	77	58.44	19.48	15.58	6.49
paris	Llama-3.2-3B-Instruct	10	69	53.62	13.04	23.19	10.14
paris	Qwen3-8B_no-think	1	37	91.89	0.00	8.11	0.00
paris	Qwen3-8B_no-think	2	42	88.10	0.00	11.90	0.00
paris	Qwen3-8B_no-think	3	37	86.49	8.11	5.41	0.00
paris	Qwen3-8B_no-think	4	45	91.11	0.00	8.89	0.00
paris	Qwen3-8B_no-think	5	41	82.93	7.32	9.76	0.00
paris	Qwen3-8B_no-think	6	38	76.32	5.26	18.42	0.00
paris	Qwen3-8B_no-think	7	36	77.78	5.56	13.89	2.78
paris	Qwen3-8B_no-think	8	35	88.57	2.86	5.71	2.86
paris	Qwen3-8B_no-think	9	37	81.08	8.11	10.81	0.00
paris	Qwen3-8B_no-think	10	40	82.50	5.00	10.00	2.50
chicago	Qwen3-8B_no-think	1	38	63.16	21.05	15.79	0.00
chicago	Qwen3-8B_no-think	2	35	62.86	17.14	20.00	0.00
chicago	Qwen3-8B_no-think	3	36	69.44	16.67	13.89	0.00
chicago	Qwen3-8B_no-think	4	34	64.71	14.71	20.59	0.00
chicago	Qwen3-8B_no-think	5	35	74.29	17.14	8.57	0.00
chicago	Qwen3-8B_no-think	6	27	62.96	22.22	14.81	0.00
chicago	Qwen3-8B_no-think	7	35	57.14	20.00	22.86	0.00
chicago	Qwen3-8B_no-think	8	31	67.74	16.13	16.13	0.00
chicago	Qwen3-8B_no-think	9	30	66.67	20.00	13.33	0.00
chicago	Qwen3-8B_no-think	10	34	64.71	11.76	23.53	0.00
hanoi	Qwen3-8B_no-think	1	35	80.00	14.29	5.71	0.00
hanoi	Qwen3-8B_no-think	2	36	80.56	8.33	11.11	0.00
hanoi	Qwen3-8B_no-think	3	35	82.86	8.57	8.57	0.00
hanoi	Qwen3-8B_no-think	4	33	75.76	18.18	6.06	0.00
hanoi	Qwen3-8B_no-think	5	30	73.33	20.00	6.67	0.00
hanoi	Qwen3-8B_no-think	6	35	74.29	17.14	8.57	0.00
hanoi	Qwen3-8B_no-think	7	36	61.11	19.44	19.44	0.00
hanoi	Qwen3-8B_no-think	8	33	75.76	18.18	6.06	0.00
hanoi	Qwen3-8B_no-think	9	33	66.67	18.18	15.15	0.00
hanoi	Qwen3-8B_no-think	10	33	75.76	18.18	6.06	0.00
hanoi	Llama-3.1-8B-Instruct	1	38	68.42	10.53	21.05	0.00
hanoi	Llama-3.1-8B-Instruct	2	39	69.23	15.38	15.38	0.00
hanoi	Llama-3.1-8B-Instruct	3	42	73.81	11.90	14.29	0.00
hanoi	Llama-3.1-8B-Instruct	4	38	63.16	18.42	18.42	0.00
hanoi	Llama-3.1-8B-Instruct	5	37	75.68	16.22	8.11	0.00
hanoi	Llama-3.1-8B-Instruct	6	34	67.65	26.47	5.88	0.00
hanoi	Llama-3.1-8B-Instruct	7	42	71.43	11.90	16.67	0.00
hanoi	Llama-3.1-8B-Instruct	8	24	79.17	16.67	4.17	0.00
hanoi	Llama-3.1-8B-Instruct	9	26	65.38	19.23	15.38	0.00
hanoi	Llama-3.1-8B-Instruct	10	42	73.81	16.67	9.52	0.00
chicago	Llama-3.1-8B-Instruct	1	34	52.94	17.65	8.82	20.59
chicago	Llama-3.1-8B-Instruct	2	23	69.57	30.43	0.00	0.00
chicago	Llama-3.1-8B-Instruct	3	25	52.00	20.00	4.00	24.00
chicago	Llama-3.1-8B-Instruct	4	31	64.52	9.68	9.68	16.13
chicago	Llama-3.1-8B-Instruct	5	27	62.96	11.11	7.41	18.52
chicago	Llama-3.1-8B-Instruct	6	30	60.00	20.00	6.67	13.33
chicago	Llama-3.1-8B-Instruct	7	24	58.33	4.17	16.67	20.83
chicago	Llama-3.1-8B-Instruct	8	26	57.69	7.69	19.23	15.38
chicago	Llama-3.1-8B-Instruct	9	26	50.00	23.08	7.69	19.23
chicago	Llama-3.1-8B-Instruct	10	35	62.86	22.86	5.71	8.57
paris	Llama-3.1-8B-Instruct	1	61	72.13	4.92	21.31	1.64
paris	Llama-3.1-8B-Instruct	2	64	59.38	12.50	25.00	3.12
paris	Llama-3.1-8B-Instruct	3	72	73.61	13.89	11.11	1.39
paris	Llama-3.1-8B-Instruct	4	50	56.00	8.00	30.00	6.00
paris	Llama-3.1-8B-Instruct	5	61	65.57	3.28	22.95	8.20
paris	Llama-3.1-8B-Instruct	6	47	70.21	6.38	21.28	2.13
paris	Llama-3.1-8B-Instruct	7	70	64.29	10.00	22.86	2.86
paris	Llama-3.1-8B-Instruct	8	47	65.96	4.26	23.40	6.38
paris	Llama-3.1-8B-Instruct	9	71	69.01	9.86	18.31	2.82
paris	Llama-3.1-8B-Instruct	10	66	62.12	10.61	22.73	4.55
paris	Qwen3-4B_no-think	1	57	71.93	12.28	10.53	5.26
paris	Qwen3-4B_no-think	2	62	82.26	4.84	8.06	4.84
paris	Qwen3-4B_no-think	3	48	89.58	0.00	10.42	0.00
paris	Qwen3-4B_no-think	4	55	78.18	0.00	14.55	7.27
paris	Qwen3-4B_no-think	5	50	72.00	8.00	16.00	4.00
paris	Qwen3-4B_no-think	6	51	70.59	7.84	19.61	1.96
paris	Qwen3-4B_no-think	7	49	87.76	0.00	12.24	0.00
paris	Qwen3-4B_no-think	8	58	77.59	6.90	12.07	3.45
paris	Qwen3-4B_no-think	9	51	88.24	3.92	7.84	0.00
paris	Qwen3-4B_no-think	10	47	74.47	0.00	23.40	2.13
chicago	Qwen3-4B_no-think	1	54	74.07	16.67	9.26	0.00
chicago	Qwen3-4B_no-think	2	43	81.40	6.98	11.63	0.00
chicago	Qwen3-4B_no-think	3	47	59.57	27.66	4.26	8.51
chicago	Qwen3-4B_no-think	4	46	76.09	13.04	10.87	0.00
chicago	Qwen3-4B_no-think	5	45	86.67	6.67	6.67	0.00
chicago	Qwen3-4B_no-think	6	43	72.09	20.93	6.98	0.00
chicago	Qwen3-4B_no-think	7	40	75.00	10.00	15.00	0.00
chicago	Qwen3-4B_no-think	8	47	85.11	12.77	2.13	0.00
chicago	Qwen3-4B_no-think	9	44	79.55	13.64	6.82	0.00
chicago	Qwen3-4B_no-think	10	44	79.55	11.36	9.09	0.00
hanoi	Qwen3-4B_no-think	1	44	72.73	20.45	6.82	0.00
hanoi	Qwen3-4B_no-think	2	36	75.00	16.67	8.33	0.00
hanoi	Qwen3-4B_no-think	3	45	77.78	17.78	2.22	2.22
hanoi	Qwen3-4B_no-think	4	37	72.97	13.51	13.51	0.00
hanoi	Qwen3-4B_no-think	5	47	59.57	38.30	2.13	0.00
hanoi	Qwen3-4B_no-think	6	44	72.73	20.45	6.82	0.00
hanoi	Qwen3-4B_no-think	7	44	75.00	18.18	6.82	0.00
hanoi	Qwen3-4B_no-think	8	44	81.82	15.91	2.27	0.00
hanoi	Qwen3-4B_no-think	9	41	78.05	19.51	2.44	0.00
hanoi	Qwen3-4B_no-think	10	41	75.61	19.51	4.88	0.00
hanoi	Qwen3-1.7B_thinking	1	34	67.65	14.71	17.65	0.00
hanoi	Qwen3-1.7B_thinking	2	37	59.46	27.03	13.51	0.00
hanoi	Qwen3-1.7B_thinking	3	29	24.14	75.86	0.00	0.00
hanoi	Qwen3-1.7B_thinking	4	33	57.58	36.36	6.06	0.00
hanoi	Qwen3-1.7B_thinking	5	31	51.61	48.39	0.00	0.00
hanoi	Qwen3-1.7B_thinking	6	31	58.06	41.94	0.00	0.00
hanoi	Qwen3-1.7B_thinking	7	33	21.21	75.76	3.03	0.00
hanoi	Qwen3-1.7B_thinking	8	31	83.87	9.68	6.45	0.00
hanoi	Qwen3-1.7B_thinking	9	33	51.52	48.48	0.00	0.00
hanoi	Qwen3-1.7B_thinking	10	30	80.00	6.67	13.33	0.00
chicago	Qwen3-1.7B_thinking	1	34	88.24	11.76	0.00	0.00
chicago	Qwen3-1.7B_thinking	2	43	60.47	37.21	0.00	2.33
chicago	Qwen3-1.7B_thinking	3	41	95.12	4.88	0.00	0.00
chicago	Qwen3-1.7B_thinking	4	34	73.53	26.47	0.00	0.00
chicago	Qwen3-1.7B_thinking	5	51	82.35	13.73	0.00	3.92
chicago	Qwen3-1.7B_thinking	6	43	81.40	13.95	0.00	4.65
chicago	Qwen3-1.7B_thinking	7	41	90.24	9.76	0.00	0.00
chicago	Qwen3-1.7B_thinking	8	33	96.97	3.03	0.00	0.00
chicago	Qwen3-1.7B_thinking	9	36	77.78	16.67	0.00	5.56
chicago	Qwen3-1.7B_thinking	10	34	94.12	2.94	0.00	2.94
paris	Qwen3-1.7B_thinking	1	38	57.89	23.68	15.79	2.63
paris	Qwen3-1.7B_thinking	2	37	83.78	0.00	13.51	2.70
paris	Qwen3-1.7B_thinking	3	44	59.09	13.64	18.18	9.09
paris	Qwen3-1.7B_thinking	4	43	58.14	20.93	9.30	11.63
paris	Qwen3-1.7B_thinking	5	35	57.14	14.29	20.00	8.57
paris	Qwen3-1.7B_thinking	6	44	65.91	6.82	20.45	6.82
paris	Qwen3-1.7B_thinking	7	35	60.00	25.71	5.71	8.57
paris	Qwen3-1.7B_thinking	8	39	56.41	25.64	5.13	12.82
paris	Qwen3-1.7B_thinking	9	38	76.32	10.53	13.16	0.00
paris	Qwen3-1.7B_thinking	10	48	72.92	10.42	10.42	6.25
chicago	Gemma-4-12B-it_thinking	1	35	85.71	0.00	14.29	0.00
chicago	Gemma-4-12B-it_thinking	2	31	93.55	0.00	6.45	0.00
chicago	Gemma-4-12B-it_thinking	3	36	88.89	0.00	11.11	0.00
chicago	Gemma-4-12B-it_thinking	4	31	83.87	0.00	16.13	0.00
chicago	Gemma-4-12B-it_thinking	5	33	81.82	0.00	18.18	0.00
chicago	Gemma-4-12B-it_thinking	6	33	90.91	0.00	9.09	0.00
chicago	Gemma-4-12B-it_thinking	7	34	88.24	0.00	11.76	0.00
chicago	Gemma-4-12B-it_thinking	8	35	85.71	0.00	14.29	0.00
chicago	Gemma-4-12B-it_thinking	9	31	90.32	0.00	9.68	0.00
chicago	Gemma-4-12B-it_thinking	10	33	72.73	0.00	27.27	0.00
hanoi	Gemma-4-12B-it_thinking	1	37	86.49	10.81	2.70	0.00
hanoi	Gemma-4-12B-it_thinking	2	39	92.31	5.13	2.56	0.00
hanoi	Gemma-4-12B-it_thinking	3	38	84.21	15.79	0.00	0.00
hanoi	Gemma-4-12B-it_thinking	4	32	78.12	15.62	6.25	0.00
hanoi	Gemma-4-12B-it_thinking	5	33	75.76	24.24	0.00	0.00
hanoi	Gemma-4-12B-it_thinking	6	37	86.49	13.51	0.00	0.00
hanoi	Gemma-4-12B-it_thinking	7	36	75.00	22.22	0.00	2.78
hanoi	Gemma-4-12B-it_thinking	8	36	91.67	8.33	0.00	0.00
hanoi	Gemma-4-12B-it_thinking	9	33	81.82	15.15	3.03	0.00
hanoi	Gemma-4-12B-it_thinking	10	37	83.78	16.22	0.00	0.00
paris	Gemma-4-12B-it_thinking	1	43	86.05	0.00	13.95	0.00
paris	Gemma-4-12B-it_thinking	2	45	91.11	2.22	6.67	0.00
paris	Gemma-4-12B-it_thinking	3	45	95.56	0.00	4.44	0.00
paris	Gemma-4-12B-it_thinking	4	42	95.24	0.00	4.76	0.00
paris	Gemma-4-12B-it_thinking	5	48	91.67	0.00	8.33	0.00
paris	Gemma-4-12B-it_thinking	6	46	91.30	2.17	6.52	0.00
paris	Gemma-4-12B-it_thinking	7	43	93.02	0.00	6.98	0.00
paris	Gemma-4-12B-it_thinking	8	45	91.11	0.00	8.89	0.00
paris	Gemma-4-12B-it_thinking	9	53	98.11	0.00	1.89	0.00
paris	Gemma-4-12B-it_thinking	10	40	95.00	2.50	2.50	0.00
hanoi	Qwen3-1.7B_no-think	1	25	64.00	28.00	8.00	0.00
hanoi	Qwen3-1.7B_no-think	2	29	75.86	17.24	6.90	0.00
hanoi	Qwen3-1.7B_no-think	3	25	84.00	12.00	4.00	0.00
hanoi	Qwen3-1.7B_no-think	4	28	64.29	21.43	14.29	0.00
hanoi	Qwen3-1.7B_no-think	5	30	60.00	33.33	6.67	0.00
hanoi	Qwen3-1.7B_no-think	6	27	81.48	14.81	3.70	0.00
hanoi	Qwen3-1.7B_no-think	7	27	70.37	25.93	3.70	0.00
hanoi	Qwen3-1.7B_no-think	8	22	72.73	13.64	9.09	4.55
hanoi	Qwen3-1.7B_no-think	9	29	44.83	51.72	3.45	0.00
hanoi	Qwen3-1.7B_no-think	10	26	69.23	26.92	3.85	0.00
chicago	Qwen3-1.7B_no-think	1	28	85.71	14.29	0.00	0.00
chicago	Qwen3-1.7B_no-think	2	32	71.88	25.00	0.00	3.12
chicago	Qwen3-1.7B_no-think	3	33	87.88	12.12	0.00	0.00
chicago	Qwen3-1.7B_no-think	4	27	81.48	18.52	0.00	0.00
chicago	Qwen3-1.7B_no-think	5	25	80.00	20.00	0.00	0.00
chicago	Qwen3-1.7B_no-think	6	27	96.30	0.00	3.70	0.00
chicago	Qwen3-1.7B_no-think	7	28	89.29	10.71	0.00	0.00
chicago	Qwen3-1.7B_no-think	8	31	70.97	16.13	0.00	12.90
chicago	Qwen3-1.7B_no-think	9	31	87.10	9.68	3.23	0.00
chicago	Qwen3-1.7B_no-think	10	25	80.00	20.00	0.00	0.00
paris	Qwen3-1.7B_no-think	1	36	75.00	11.11	5.56	8.33
paris	Qwen3-1.7B_no-think	2	35	62.86	20.00	5.71	11.43
paris	Qwen3-1.7B_no-think	3	30	60.00	20.00	13.33	6.67
paris	Qwen3-1.7B_no-think	4	42	69.05	14.29	11.90	4.76
paris	Qwen3-1.7B_no-think	5	48	50.00	37.50	4.17	8.33
paris	Qwen3-1.7B_no-think	6	40	72.50	12.50	10.00	5.00
paris	Qwen3-1.7B_no-think	7	36	69.44	11.11	8.33	11.11
paris	Qwen3-1.7B_no-think	8	36	61.11	19.44	8.33	11.11
paris	Qwen3-1.7B_no-think	9	39	61.54	15.38	7.69	15.38
paris	Qwen3-1.7B_no-think	10	33	63.64	21.21	6.06	9.09
paris	Gemma-3-12B-it	1	41	68.29	12.20	17.07	2.44
paris	Gemma-3-12B-it	2	42	71.43	14.29	9.52	4.76
paris	Gemma-3-12B-it	3	38	63.16	13.16	21.05	2.63
paris	Gemma-3-12B-it	4	40	67.50	17.50	10.00	5.00
paris	Gemma-3-12B-it	5	43	76.74	13.95	6.98	2.33
paris	Gemma-3-12B-it	6	42	80.95	7.14	9.52	2.38
paris	Gemma-3-12B-it	7	39	82.05	5.13	10.26	2.56
paris	Gemma-3-12B-it	8	45	68.89	13.33	15.56	2.22
paris	Gemma-3-12B-it	9	43	65.12	13.95	16.28	4.65
paris	Gemma-3-12B-it	10	38	60.53	23.68	10.53	5.26
chicago	Gemma-3-12B-it	1	34	61.76	14.71	8.82	14.71
chicago	Gemma-3-12B-it	2	31	70.97	9.68	3.23	16.13
chicago	Gemma-3-12B-it	3	34	67.65	11.76	8.82	11.76
chicago	Gemma-3-12B-it	4	28	78.57	7.14	7.14	7.14
chicago	Gemma-3-12B-it	5	35	60.00	20.00	5.71	14.29
chicago	Gemma-3-12B-it	6	33	84.85	9.09	6.06	0.00
chicago	Gemma-3-12B-it	7	36	66.67	8.33	22.22	2.78
chicago	Gemma-3-12B-it	8	29	79.31	10.34	10.34	0.00
chicago	Gemma-3-12B-it	9	34	55.88	17.65	5.88	20.59
chicago	Gemma-3-12B-it	10	27	77.78	14.81	7.41	0.00
hanoi	Gemma-3-12B-it	1	31	70.97	6.45	22.58	0.00
hanoi	Gemma-3-12B-it	2	33	69.70	15.15	15.15	0.00
hanoi	Gemma-3-12B-it	3	32	75.00	9.38	12.50	3.12
hanoi	Gemma-3-12B-it	4	30	70.00	10.00	20.00	0.00
hanoi	Gemma-3-12B-it	5	34	67.65	8.82	23.53	0.00
hanoi	Gemma-3-12B-it	6	40	72.50	5.00	22.50	0.00
hanoi	Gemma-3-12B-it	7	33	75.76	15.15	9.09	0.00
hanoi	Gemma-3-12B-it	8	35	71.43	14.29	14.29	0.00
hanoi	Gemma-3-12B-it	9	31	67.74	16.13	16.13	0.00
hanoi	Gemma-3-12B-it	10	31	70.97	19.35	9.68	0.00
paris	Gemma-3-1B-it	1	145	53.10	18.62	17.93	10.34
paris	Gemma-3-1B-it	2	75	25.33	29.33	20.00	25.33
paris	Gemma-3-1B-it	3	141	53.19	14.89	20.57	11.35
paris	Gemma-3-1B-it	4	104	38.46	7.69	36.54	17.31
paris	Gemma-3-1B-it	5	100	51.00	20.00	20.00	9.00
paris	Gemma-3-1B-it	6	99	27.27	12.12	31.31	29.29
paris	Gemma-3-1B-it	7	157	28.03	38.85	19.11	14.01
paris	Gemma-3-1B-it	8	137	29.93	24.09	29.93	16.06
paris	Gemma-3-1B-it	9	83	30.12	18.07	32.53	19.28
paris	Gemma-3-1B-it	10	120	55.00	19.17	13.33	12.50
chicago	Gemma-3-1B-it	1	44	47.73	15.91	15.91	20.45
chicago	Gemma-3-1B-it	2	54	38.89	24.07	20.37	16.67
chicago	Gemma-3-1B-it	3	56	37.50	32.14	19.64	10.71
chicago	Gemma-3-1B-it	4	48	43.75	16.67	29.17	10.42
chicago	Gemma-3-1B-it	5	53	37.74	24.53	22.64	15.09
chicago	Gemma-3-1B-it	6	53	32.08	28.30	26.42	13.21
chicago	Gemma-3-1B-it	7	49	24.49	22.45	32.65	20.41
chicago	Gemma-3-1B-it	8	44	40.91	20.45	18.18	20.45
chicago	Gemma-3-1B-it	9	52	36.54	21.15	21.15	21.15
chicago	Gemma-3-1B-it	10	51	52.94	9.80	23.53	13.73
hanoi	Gemma-3-1B-it	1	75	54.67	20.00	21.33	4.00
hanoi	Gemma-3-1B-it	2	85	38.82	27.06	23.53	10.59
hanoi	Gemma-3-1B-it	3	68	39.71	25.00	32.35	2.94
hanoi	Gemma-3-1B-it	4	76	35.53	25.00	31.58	7.89
hanoi	Gemma-3-1B-it	5	86	44.19	22.09	29.07	4.65
hanoi	Gemma-3-1B-it	6	75	37.33	24.00	26.67	12.00
hanoi	Gemma-3-1B-it	7	77	37.66	25.97	33.77	2.60
hanoi	Gemma-3-1B-it	8	93	37.63	30.11	22.58	9.68
hanoi	Gemma-3-1B-it	9	94	50.00	20.21	18.09	11.70
hanoi	Gemma-3-1B-it	10	74	32.43	29.73	24.32	13.51
